state,prefix_min,prefix_max
PR,6,7
PR,9,9
VI,8,8
NY,5,5
MA,10,27
MA,55,55
RI,28,29
NH,30,38
ME,39,49
VT,50,54
VT,56,59
CT,60,69
NJ,70,89
AE,90,98
NY,100,149
PA,150,196
DE,197,199
DC,200,200
VA,201,201
DC,202,205
MD,206,219
VA,220,246
WV,247,268
NC,270,289
SC,290,299
GA,300,319
GA,398,399
FL,320,349
AA,340,340
AL,350,369
TN,370,385
MS,386,397
KY,400,427
OH,430,459
IN,460,479
MI,480,499
IA,500,528
WI,530,549
MN,550,567
SD,570,577
ND,580,588
MT,590,599
IL,600,629
MO,630,658
KS,660,679
NE,680,693
LA,700,714
AR,716,729
OK,730,749
TX,733,733
TX,750,799
TX,885,885
CO,800,816
WY,820,831
ID,832,838
UT,840,847
AZ,850,865
NM,870,884
NV,889,898
CA,900,961
AP,962,966
HI,967,968
AS,967,967
GU,969,969
MP,969,969
PW,969,969
FM,969,969
MH,969,969
OR,970,979
WA,980,994
AK,995,999
